date,broker,category,product,net_position_text,contract,long_position,long_change,short_position,short_change
2026-03-27,摩根大通,农副,花生,"净多13583
(减少754)
净持仓数据",pk2605,11309,-1577,0,0
2026-03-27,摩根大通,农副,花生,"净多13583
(减少754)
净持仓数据",pk2610,2274,823,0,0
2026-03-27,摩根大通,化工,20号胶,"净多2273
(增加135)
净持仓数据",nr2605,0,-752,0,0
2026-03-27,摩根大通,化工,20号胶,"净多2273
(增加135)
净持仓数据",nr2606,2985,803,712,-84
2026-03-27,摩根大通,化工,PTA,"净多27931
(减少185)
净持仓数据",ta2605,10690,0,0,0
2026-03-27,摩根大通,化工,PTA,"净多27931
(减少185)
净持仓数据",ta2609,17241,-185,0,0
2026-03-27,摩根大通,原油,低硫油,"净多13
(减少2162)
净持仓数据",lu2605,0,0,975,-117
2026-03-27,摩根大通,原油,低硫油,"净多13
(减少2162)
净持仓数据",lu2606,988,-2279,0,0
2026-03-27,摩根大通,油脂油料,豆粕,"净空17647
(增加8623)
净持仓数据",m2605,48679,-34685,38338,-1923
2026-03-27,摩根大通,油脂油料,豆粕,"净空17647
(增加8623)
净持仓数据",m2607,0,0,6840,0
2026-03-27,摩根大通,油脂油料,豆粕,"净空17647
(增加8623)
净持仓数据",m2609,31369,20760,53005,-3374
2026-03-27,摩根大通,油脂油料,豆粕,"净空17647
(增加8623)
净持仓数据",m2701,1583,5,1095,0
2026-03-27,摩根大通,油脂油料,菜油,"净多21893
(减少789)
净持仓数据",oi2605,14811,-5822,6092,-1027
2026-03-27,摩根大通,油脂油料,菜油,"净多21893
(减少789)
净持仓数据",oi2607,4585,198,0,0
2026-03-27,摩根大通,油脂油料,菜油,"净多21893
(减少789)
净持仓数据",oi2609,8589,3808,0,0
2026-03-27,摩根大通,油脂油料,棕榈油,"净多23364
(减少2516)
净持仓数据",p2605,29243,437,3452,-467
2026-03-27,摩根大通,油脂油料,棕榈油,"净多23364
(减少2516)
净持仓数据",p2609,1694,-2995,4121,425
2026-03-27,摩根大通,油脂油料,菜粕,"净空16367
(增加11763)
净持仓数据",rm2605,6022,-9774,13534,-61
2026-03-27,摩根大通,油脂油料,菜粕,"净空16367
(增加11763)
净持仓数据",rm2609,0,0,8855,2050
2026-03-27,摩根大通,油脂油料,豆油,"净多39218
(增加6724)
净持仓数据",y2605,42974,-168,0,-5330
2026-03-27,摩根大通,油脂油料,豆油,"净多39218
(增加6724)
净持仓数据",y2607,0,0,259,0
2026-03-27,摩根大通,油脂油料,豆油,"净多39218
(增加6724)
净持仓数据",y2609,9052,777,12549,-785
2026-03-27,摩根大通,油脂油料,豆一,"净多10153
(减少451)
净持仓数据",a2605,12956,-452,2803,-1
2026-03-27,摩根大通,油脂油料,豆二,"净多11301
(增加2490)
净持仓数据",b2605,16121,-318,6358,-1711
2026-03-27,摩根大通,油脂油料,豆二,"净多11301
(增加2490)
净持仓数据",b2606,0,0,1000,1000
2026-03-27,摩根大通,油脂油料,豆二,"净多11301
(增加2490)
净持仓数据",b2607,1100,0,0,0
2026-03-27,摩根大通,油脂油料,豆二,"净多11301
(增加2490)
净持仓数据",b2609,1438,302,0,-1795
2026-03-27,摩根大通,股指,1000中证,"净空4699
(减少26)
净持仓数据",im2604,1725,56,0,0
2026-03-27,摩根大通,股指,1000中证,"净空4699
(减少26)
净持仓数据",im2606,0,0,5151,46
2026-03-27,摩根大通,股指,1000中证,"净空4699
(减少26)
净持仓数据",im2609,0,0,1273,-16
2026-03-27,摩根大通,股指,500中证,"净空1974
(增加49)
净持仓数据",ic2604,2662,-24,0,0
2026-03-27,摩根大通,股指,500中证,"净空1974
(增加49)
净持仓数据",ic2606,0,0,2848,23
2026-03-27,摩根大通,股指,500中证,"净空1974
(增加49)
净持仓数据",ic2609,0,0,1788,2
2026-03-27,摩根大通,股指,300沪深,"净空5344
(增加27)
净持仓数据",if2604,0,0,830,0
2026-03-27,摩根大通,股指,300沪深,"净空5344
(增加27)
净持仓数据",if2606,0,0,3766,26
2026-03-27,摩根大通,股指,300沪深,"净空5344
(增加27)
净持仓数据",if2609,0,0,748,1
2026-03-27,摩根大通,谷物,淀粉,"净多603
(增加1)
净持仓数据",cs2609,603,1,0,0
2026-03-27,摩根大通,贵金属,沪金,"净空103
净持仓数据",au2604,0,0,103,0
2026-03-27,摩根大通,黑色,铁矿石,"净多26950
(增加73)
净持仓数据",i2605,11555,-2865,0,0
2026-03-27,摩根大通,黑色,铁矿石,"净多26950
(增加73)
净持仓数据",i2609,14685,2876,0,0
2026-03-27,摩根大通,黑色,铁矿石,"净多26950
(增加73)
净持仓数据",i2701,710,62,0,0
2026-03-27,国泰君安,农副,苹果,"净多2296
(减少208)
净持仓数据",ap2604,0,0,6,-4
2026-03-27,国泰君安,农副,苹果,"净多2296
(减少208)
净持仓数据",ap2605,5197,-167,5203,430
2026-03-27,国泰君安,农副,苹果,"净多2296
(减少208)
净持仓数据",ap2610,3170,458,862,73
2026-03-27,国泰君安,农副,鸡蛋,"净多3710
(减少1810)
净持仓数据",jd2605,12980,-2079,8418,-484
2026-03-27,国泰君安,农副,鸡蛋,"净多3710
(减少1810)
净持仓数据",jd2606,15831,703,16844,256
2026-03-27,国泰君安,农副,鸡蛋,"净多3710
(减少1810)
净持仓数据",jd2607,9995,-268,11149,436
2026-03-27,国泰君安,农副,鸡蛋,"净多3710
(减少1810)
净持仓数据",jd2608,11143,47,9508,67
2026-03-27,国泰君安,农副,鸡蛋,"净多3710
(减少1810)
净持仓数据",jd2609,1237,-90,1557,-152
2026-03-27,国泰君安,农副,花生,"净多9951
(减少1125)
净持仓数据",pk2604,2535,-15,170,-332
2026-03-27,国泰君安,农副,花生,"净多9951
(减少1125)
净持仓数据",pk2605,14506,-2383,7178,-749
2026-03-27,国泰君安,农副,花生,"净多9951
(减少1125)
净持仓数据",pk2610,2240,206,1982,14
2026-03-27,国泰君安,农副,红枣,"净空4951
(减少502)
净持仓数据",cj2605,5738,-246,7498,-454
2026-03-27,国泰君安,农副,红枣,"净空4951
(减少502)
净持仓数据",cj2609,3735,320,6926,26
2026-03-27,国泰君安,农副,生猪,"净空25220
(减少434)
净持仓数据",lh2605,11029,-1,22969,-1624
2026-03-27,国泰君安,农副,生猪,"净空25220
(减少434)
净持仓数据",lh2607,5404,242,9982,1225
2026-03-27,国泰君安,农副,生猪,"净空25220
(减少434)
净持仓数据",lh2609,4593,166,8430,239
2026-03-27,国泰君安,农副,生猪,"净空25220
(减少434)
净持仓数据",lh2611,4684,84,7987,238
2026-03-27,国泰君安,农副,生猪,"净空25220
(减少434)
净持仓数据",lh2701,1320,70,2882,49
2026-03-27,国泰君安,化工,PVC,"净空86016
(增加4327)
净持仓数据",v2609,14403,1262,47185,7293
2026-03-27,国泰君安,化工,PVC,"净空86016
(增加4327)
净持仓数据",v2701,3737,945,3465,355
2026-03-27,国泰君安,化工,PVC,"净空86016
(增加4327)
净持仓数据",v2604,961,-51,956,-22
2026-03-27,国泰君安,化工,PVC,"净空86016
(增加4327)
净持仓数据",v2605,34895,706,91530,-389
2026-03-27,国泰君安,化工,PVC,"净空86016
(增加4327)
净持仓数据",v2606,11794,68,11169,22
2026-03-27,国泰君安,化工,PVC,"净空86016
(增加4327)
净持仓数据",v2607,9929,44,6962,66
2026-03-27,国泰君安,化工,PVC,"净空86016
(增加4327)
净持仓数据",v2608,4183,-34,4651,-58
2026-03-27,国泰君安,化工,甲醇,"净多86267
(增加9646)
净持仓数据",ma2605,121485,11625,43447,878
2026-03-27,国泰君安,化工,甲醇,"净多86267
(增加9646)
净持仓数据",ma2606,1196,-414,886,-1
2026-03-27,国泰君安,化工,甲醇,"净多86267
(增加9646)
净持仓数据",ma2607,548,1,1687,-291
2026-03-27,国泰君安,化工,甲醇,"净多86267
(增加9646)
净持仓数据",ma2608,887,185,449,10
2026-03-27,国泰君安,化工,甲醇,"净多86267
(增加9646)
净持仓数据",ma2609,18310,2104,13829,2284
2026-03-27,国泰君安,化工,甲醇,"净多86267
(增加9646)
净持仓数据",ma2610,1089,-492,833,362
2026-03-27,国泰君安,化工,甲醇,"净多86267
(增加9646)
净持仓数据",ma2701,3593,-126,975,12
2026-03-27,国泰君安,化工,甲醇,"净多86267
(增加9646)
净持仓数据",ma2604,1271,17,6,0
2026-03-27,国泰君安,化工,天然橡胶,"净空12853
(增加104)
净持仓数据",ru2701,603,25,1028,18
2026-03-27,国泰君安,化工,天然橡胶,"净空12853
(增加104)
净持仓数据",ru2605,6984,-1387,14585,-1008
2026-03-27,国泰君安,化工,天然橡胶,"净空12853
(增加104)
净持仓数据",ru2609,11269,1120,16096,852
2026-03-27,国泰君安,化工,纯碱,"净空43858
(减少5214)
净持仓数据",sa2604,849,-1,42,0
2026-03-27,国泰君安,化工,纯碱,"净空43858
(减少5214)
净持仓数据",sa2605,34382,378,60078,-2740
2026-03-27,国泰君安,化工,纯碱,"净空43858
(减少5214)
净持仓数据",sa2606,0,0,907,5
2026-03-27,国泰君安,化工,纯碱,"净空43858
(减少5214)
净持仓数据",sa2607,1572,-562,8278,-2
2026-03-27,国泰君安,化工,纯碱,"净空43858
(减少5214)
净持仓数据",sa2608,504,-112,2030,2
2026-03-27,国泰君安,化工,纯碱,"净空43858
(减少5214)
净持仓数据",sa2609,10499,1272,19352,-1260
2026-03-27,国泰君安,化工,纯碱,"净空43858
(减少5214)
净持仓数据",sa2610,621,4,312,2
2026-03-27,国泰君安,化工,纯碱,"净空43858
(减少5214)
净持仓数据",sa2611,3093,7,5091,0
2026-03-27,国泰君安,化工,纯碱,"净空43858
(减少5214)
净持仓数据",sa2701,1065,252,353,17
2026-03-27,国泰君安,化工,20号胶,"净空3559
(增加187)
净持仓数据",nr2604,144,-17,462,-247
2026-03-27,国泰君安,化工,20号胶,"净空3559
(增加187)
净持仓数据",nr2605,4977,-164,6514,-150
2026-03-27,国泰君安,化工,20号胶,"净空3559
(增加187)
净持仓数据",nr2606,3606,137,5310,540
2026-03-27,国泰君安,化工,烧碱,"净空1614
(增加3407)
净持仓数据",sh2604,390,35,31,-29
2026-03-27,国泰君安,化工,烧碱,"净空1614
(增加3407)
净持仓数据",sh2605,6187,-1129,8238,1997
2026-03-27,国泰君安,化工,烧碱,"净空1614
(增加3407)
净持仓数据",sh2606,1279,-88,371,-42
2026-03-27,国泰君安,化工,烧碱,"净空1614
(增加3407)
净持仓数据",sh2607,1066,109,1744,236
2026-03-27,国泰君安,化工,烧碱,"净空1614
(增加3407)
净持仓数据",sh2608,65,0,169,67
2026-03-27,国泰君安,化工,烧碱,"净空1614
(增加3407)
净持仓数据",sh2609,608,-88,656,17
2026-03-27,国泰君安,化工,合成橡胶,"净多3519
(减少2816)
净持仓数据",br2604,786,22,618,-93
2026-03-27,国泰君安,化工,合成橡胶,"净多3519
(减少2816)
净持仓数据",br2605,13836,-3413,8087,-482
2026-03-27,国泰君安,化工,合成橡胶,"净多3519
(减少2816)
净持仓数据",br2606,6571,0,8969,0
2026-03-27,国泰君安,化工,沥青,"净多7034
(增加4607)
净持仓数据",bu2604,411,-575,752,-699
2026-03-27,国泰君安,化工,沥青,"净多7034
(增加4607)
净持仓数据",bu2605,7613,1562,3044,174
2026-03-27,国泰君安,化工,沥青,"净多7034
(增加4607)
净持仓数据",bu2606,26942,4383,24136,1288
2026-03-27,国泰君安,化工,短纤,"净多1413
(增加275)
净持仓数据",pf2604,226,-49,502,-6
2026-03-27,国泰君安,化工,短纤,"净多1413
(增加275)
净持仓数据",pf2605,4401,-106,3818,-94
2026-03-27,国泰君安,化工,短纤,"净多1413
(增加275)
净持仓数据",pf2606,11322,1527,10597,-224
2026-03-27,国泰君安,化工,短纤,"净多1413
(增加275)
净持仓数据",pf2607,2259,-305,2000,990
2026-03-27,国泰君安,化工,短纤,"净多1413
(增加275)
净持仓数据",pf2608,593,66,471,192
2026-03-27,国泰君安,化工,纯苯,"净空4637
(减少419)
净持仓数据",bz2605,4529,852,9166,433
2026-03-27,国泰君安,化工,液化气,"净空3812
(减少2784)
净持仓数据",pg2605,4065,-35,7230,-2543
2026-03-27,国泰君安,化工,液化气,"净空3812
(减少2784)
净持仓数据",pg2606,4544,672,5311,376
2026-03-27,国泰君安,化工,液化气,"净空3812
(减少2784)
净持仓数据",pg2607,3249,1099,3129,1119
2026-03-27,国泰君安,化工,丙烯,"净空663
(增加130)
净持仓数据",pl2604,30,-12,0,-2
2026-03-27,国泰君安,化工,丙烯,"净空663
(增加130)
净持仓数据",pl2605,517,30,1210,150
2026-03-27,国泰君安,化工,PP,"净空3278
(减少271)
净持仓数据",pp2605,46888,1002,45116,970
2026-03-27,国泰君安,化工,PP,"净空3278
(减少271)
净持仓数据",pp2606,6485,0,9661,264
2026-03-27,国泰君安,化工,PP,"净空3278
(减少271)
净持仓数据",pp2607,4980,25,8777,23
2026-03-27,国泰君安,化工,PP,"净空3278
(减少271)
净持仓数据",pp2608,4906,24,8905,20
2026-03-27,国泰君安,化工,PP,"净空3278
(减少271)
净持仓数据",pp2609,21869,-1881,17345,-2512
2026-03-27,国泰君安,化工,PP,"净空3278
(减少271)
净持仓数据",pp2701,2209,43,811,177
2026-03-27,国泰君安,化工,塑料,"净空28540
(减少541)
净持仓数据",l2605,29670,2635,55297,769
2026-03-27,国泰君安,化工,塑料,"净空28540
(减少541)
净持仓数据",l2606,5294,20,5214,0
2026-03-27,国泰君安,化工,塑料,"净空28540
(减少541)
净持仓数据",l2607,3928,20,3926,19
2026-03-27,国泰君安,化工,塑料,"净空28540
(减少541)
净持仓数据",l2608,3406,45,3508,47
2026-03-27,国泰君安,化工,塑料,"净空28540
(减少541)
净持仓数据",l2609,17893,-1209,20786,135
2026-03-27,国泰君安,化工,PTA,"净空4019
(减少8424)
净持仓数据",ta2604,9495,-647,9060,-1813
2026-03-27,国泰君安,化工,PTA,"净空4019
(减少8424)
净持仓数据",ta2605,138438,15233,134196,-9017
2026-03-27,国泰君安,化工,PTA,"净空4019
(减少8424)
净持仓数据",ta2606,3749,-85,10774,2981
2026-03-27,国泰君安,化工,PTA,"净空4019
(减少8424)
净持仓数据",ta2607,5246,3108,4450,979
2026-03-27,国泰君安,化工,PTA,"净空4019
(减少8424)
净持仓数据",ta2608,414,45,367,29
2026-03-27,国泰君安,化工,PTA,"净空4019
(减少8424)
净持仓数据",ta2609,49087,3398,49680,18833
2026-03-27,国泰君安,化工,PTA,"净空4019
(减少8424)
净持仓数据",ta2701,1137,49,3058,685
2026-03-27,国泰君安,化工,瓶片,"净空1025
(减少24)
净持仓数据",pr2604,327,19,0,0
2026-03-27,国泰君安,化工,瓶片,"净空1025
(减少24)
净持仓数据",pr2605,1846,19,3935,-141
2026-03-27,国泰君安,化工,瓶片,"净空1025
(减少24)
净持仓数据",pr2606,1117,-112,380,43
2026-03-27,国泰君安,化工,多晶硅,"净空3962
(增加95)
净持仓数据",ps2605,1952,101,5914,196
2026-03-27,国泰君安,化工,对二甲苯,"净空46302
(减少2227)
净持仓数据",px2604,733,-155,24,0
2026-03-27,国泰君安,化工,对二甲苯,"净空46302
(减少2227)
净持仓数据",px2605,20853,2198,53340,-1353
2026-03-27,国泰君安,化工,对二甲苯,"净空46302
(减少2227)
净持仓数据",px2606,7898,831,13886,591
2026-03-27,国泰君安,化工,对二甲苯,"净空46302
(减少2227)
净持仓数据",px2607,5642,-121,4928,526
2026-03-27,国泰君安,化工,对二甲苯,"净空46302
(减少2227)
净持仓数据",px2608,220,-28,210,59
2026-03-27,国泰君安,化工,对二甲苯,"净空46302
(减少2227)
净持仓数据",px2609,7600,-327,16860,348
2026-03-27,国泰君安,化工,苯乙烯,"净空5312
(减少2812)
净持仓数据",eb2604,0,-11214,0,-10174
2026-03-27,国泰君安,化工,苯乙烯,"净空5312
(减少2812)
净持仓数据",eb2605,37081,5714,40193,1372
2026-03-27,国泰君安,化工,苯乙烯,"净空5312
(减少2812)
净持仓数据",eb2606,9718,-142,13585,-147
2026-03-27,国泰君安,化工,苯乙烯,"净空5312
(减少2812)
净持仓数据",eb2607,7335,-159,5703,544
2026-03-27,国泰君安,化工,苯乙烯,"净空5312
(减少2812)
净持仓数据",eb2608,2143,286,2108,78
2026-03-27,国泰君安,化工,尿素,"净空21775
(增加1335)
净持仓数据",ur2604,433,0,21,-22
2026-03-27,国泰君安,化工,尿素,"净空21775
(增加1335)
净持仓数据",ur2605,10602,-838,26142,708
2026-03-27,国泰君安,化工,尿素,"净空21775
(增加1335)
净持仓数据",ur2606,662,-16,859,52
2026-03-27,国泰君安,化工,尿素,"净空21775
(增加1335)
净持仓数据",ur2607,1350,-18,791,-52
2026-03-27,国泰君安,化工,尿素,"净空21775
(增加1335)
净持仓数据",ur2608,0,0,444,-17
2026-03-27,国泰君安,化工,尿素,"净空21775
(增加1335)
净持仓数据",ur2609,7710,407,14275,201
2026-03-27,国泰君安,化工,乙二醇,"净空11456
(减少1072)
净持仓数据",eg2605,21037,2766,35860,2388
2026-03-27,国泰君安,化工,乙二醇,"净空11456
(减少1072)
净持仓数据",eg2606,4453,125,3950,124
2026-03-27,国泰君安,化工,乙二醇,"净空11456
(减少1072)
净持仓数据",eg2607,2889,133,4143,119
2026-03-27,国泰君安,化工,乙二醇,"净空11456
(减少1072)
净持仓数据",eg2609,11691,619,7573,-60
2026-03-27,国泰君安,原油,燃料油,"净空21591
(减少6569)
净持仓数据",fu2604,733,0,2500,0
2026-03-27,国泰君安,原油,燃料油,"净空21591
(减少6569)
净持仓数据",fu2605,16033,-147,27376,-3302
2026-03-27,国泰君安,原油,燃料油,"净空21591
(减少6569)
净持仓数据",fu2606,5021,28,6493,-3083
2026-03-27,国泰君安,原油,燃料油,"净空21591
(减少6569)
净持仓数据",fu2607,2347,200,3233,31
2026-03-27,国泰君安,原油,燃料油,"净空21591
(减少6569)
净持仓数据",fu2609,5280,-167,11403,-301
2026-03-27,国泰君安,原油,低硫油,"净多1625
(增加1241)
净持仓数据",lu2604,688,0,0,0
2026-03-27,国泰君安,原油,低硫油,"净多1625
(增加1241)
净持仓数据",lu2605,3712,101,3713,-926
2026-03-27,国泰君安,原油,低硫油,"净多1625
(增加1241)
净持仓数据",lu2606,7721,-5,6783,-219
2026-03-27,国泰君安,国债,十债,"净多22401
(增加877)
净持仓数据",t2606,40768,-565,20776,-1357
2026-03-27,国泰君安,国债,十债,"净多22401
(增加877)
净持仓数据",t2609,3651,126,1242,41
2026-03-27,国泰君安,国债,五债,"净多3264
(减少1372)
净持仓数据",tf2606,17427,1082,13202,2467
2026-03-27,国泰君安,国债,五债,"净多3264
(减少1372)
净持仓数据",tf2609,2751,15,3712,2
2026-03-27,国泰君安,国债,三十债,"净多4314
(增加998)
净持仓数据",tl2606,16004,666,14235,-125
2026-03-27,国泰君安,国债,三十债,"净多4314
(增加998)
净持仓数据",tl2609,5729,233,3184,26
2026-03-27,国泰君安,国债,二债,"净空5225
(增加490)
净持仓数据",ts2606,10104,-524,15329,-34
2026-03-27,国泰君安,有色,沪铝,"净多4309
(增加5439)
净持仓数据",al2606,13729,492,13005,-60
2026-03-27,国泰君安,有色,沪铝,"净多4309
(增加5439)
净持仓数据",al2607,5123,402,6450,5
2026-03-27,国泰君安,有色,沪铝,"净多4309
(增加5439)
净持仓数据",al2608,3858,20,1392,-16
2026-03-27,国泰君安,有色,沪铝,"净多4309
(增加5439)
净持仓数据",al2609,2648,0,845,0
2026-03-27,国泰君安,有色,沪铝,"净多4309
(增加5439)
净持仓数据",al2604,6318,-150,7632,-226
2026-03-27,国泰君安,有色,沪铝,"净多4309
(增加5439)
净持仓数据",al2605,26026,3964,24069,-414
2026-03-27,国泰君安,有色,氧化铝,"净空25344
(减少2335)
净持仓数据",ao2605,13968,1609,31126,-2151
2026-03-27,国泰君安,有色,氧化铝,"净空25344
(减少2335)
净持仓数据",ao2606,6226,-159,5498,214
2026-03-27,国泰君安,有色,氧化铝,"净空25344
(减少2335)
净持仓数据",ao2609,3951,-497,12865,555
2026-03-27,国泰君安,有色,沪镍,"净空25686
(减少440)
净持仓数据",ni2604,2088,-23,450,-149
2026-03-27,国泰君安,有色,沪镍,"净空25686
(减少440)
净持仓数据",ni2605,11623,621,22451,-2089
2026-03-27,国泰君安,有色,沪镍,"净空25686
(减少440)
净持仓数据",ni2606,4297,64,12488,868
2026-03-27,国泰君安,有色,沪镍,"净空25686
(减少440)
净持仓数据",ni2607,818,130,4204,497
2026-03-27,国泰君安,有色,沪镍,"净空25686
(减少440)
净持仓数据",ni2609,2714,22,7633,1247
2026-03-27,国泰君安,有色,沪锌,"净多4644
(增加1067)
净持仓数据",zn2604,1869,-242,2341,-238
2026-03-27,国泰君安,有色,沪锌,"净多4644
(增加1067)
净持仓数据",zn2605,7967,743,5929,361
2026-03-27,国泰君安,有色,沪锌,"净多4644
(增加1067)
净持仓数据",zn2606,6121,574,3043,-115
2026-03-27,国泰君安,有色,沪铅,"净多3559
(增加1206)
净持仓数据",pb2604,213,-9,1790,-65
2026-03-27,国泰君安,有色,沪铅,"净多3559
(增加1206)
净持仓数据",pb2605,6229,-263,6538,-521
2026-03-27,国泰君安,有色,沪铅,"净多3559
(增加1206)
净持仓数据",pb2606,6508,845,1063,-47
2026-03-27,国泰君安,有色,工业硅,"净空12959
(增加3392)
净持仓数据",si2605,18992,-1685,26541,-241
2026-03-27,国泰君安,有色,工业硅,"净空12959
(增加3392)
净持仓数据",si2606,806,54,1045,23
2026-03-27,国泰君安,有色,工业硅,"净空12959
(增加3392)
净持仓数据",si2607,252,11,482,-13
2026-03-27,国泰君安,有色,工业硅,"净空12959
(增加3392)
净持仓数据",si2609,5936,-1022,10877,981
2026-03-27,国泰君安,有色,沪锡,"净空1647
(减少329)
净持仓数据",sn2604,1088,-260,1305,-369
2026-03-27,国泰君安,有色,沪锡,"净空1647
(减少329)
净持仓数据",sn2605,2626,344,4554,369
2026-03-27,国泰君安,有色,沪锡,"净空1647
(减少329)
净持仓数据",sn2606,2146,313,1648,68
2026-03-27,国泰君安,有色,沪铜,"净空13765
(减少1261)
净持仓数据",cu2604,6133,-2806,10421,-1756
2026-03-27,国泰君安,有色,沪铜,"净空13765
(减少1261)
净持仓数据",cu2605,17186,-419,18513,-92
2026-03-27,国泰君安,有色,沪铜,"净空13765
(减少1261)
净持仓数据",cu2606,16811,2789,15746,147
2026-03-27,国泰君安,有色,沪铜,"净空13765
(减少1261)
净持仓数据",cu2607,4330,-138,5381,-5
2026-03-27,国泰君安,有色,沪铜,"净空13765
(减少1261)
净持仓数据",cu2608,1938,1,4729,-33
2026-03-27,国泰君安,有色,沪铜,"净空13765
(减少1261)
净持仓数据",cu2609,1858,10,4833,-72
2026-03-27,国泰君安,有色,沪铜,"净空13765
(减少1261)
净持仓数据",cu2612,748,21,3146,8
2026-03-27,国泰君安,有色,碳酸锂,"净空32681
(减少172)
净持仓数据",lc2605,22278,386,44592,-3029
2026-03-27,国泰君安,有色,碳酸锂,"净空32681
(减少172)
净持仓数据",lc2606,813,-208,2599,20
2026-03-27,国泰君安,有色,碳酸锂,"净空32681
(减少172)
净持仓数据",lc2607,9000,32,14293,519
2026-03-27,国泰君安,有色,碳酸锂,"净空32681
(减少172)
净持仓数据",lc2609,12727,2977,16015,5505
2026-03-27,国泰君安,有色,铝合金,"净空382
(减少4)
净持仓数据",ad2604,207,-57,77,-18
2026-03-27,国泰君安,有色,铝合金,"净空382
(减少4)
净持仓数据",ad2605,239,6,751,-37
2026-03-27,国泰君安,油脂油料,豆油,"净多48344
(增加3753)
净持仓数据",y2605,52189,3200,16614,-221
2026-03-27,国泰君安,油脂油料,豆油,"净多48344
(增加3753)
净持仓数据",y2607,12999,47,12626,20
2026-03-27,国泰君安,油脂油料,豆油,"净多48344
(增加3753)
净持仓数据",y2608,7733,1,7674,9
2026-03-27,国泰君安,油脂油料,豆油,"净多48344
(增加3753)
净持仓数据",y2609,20443,1438,8439,1162
2026-03-27,国泰君安,油脂油料,豆油,"净多48344
(增加3753)
净持仓数据",y2611,8018,43,7877,6
2026-03-27,国泰君安,油脂油料,豆油,"净多48344
(增加3753)
净持仓数据",y2612,5194,0,5002,0
2026-03-27,国泰君安,油脂油料,豆二,"净空16156
(减少561)
净持仓数据",b2605,13683,252,23146,-958
2026-03-27,国泰君安,油脂油料,豆二,"净空16156
(减少561)
净持仓数据",b2606,5216,-133,8655,-3
2026-03-27,国泰君安,油脂油料,豆二,"净空16156
(减少561)
净持仓数据",b2607,6106,184,6321,162
2026-03-27,国泰君安,油脂油料,豆二,"净空16156
(减少561)
净持仓数据",b2608,3032,15,3286,21
2026-03-27,国泰君安,油脂油料,豆二,"净空16156
(减少561)
净持仓数据",b2609,1853,-264,4638,271
2026-03-27,国泰君安,油脂油料,菜油,"净多10583
(增加406)
净持仓数据",oi2605,15876,329,7595,16
2026-03-27,国泰君安,油脂油料,菜油,"净多10583
(增加406)
净持仓数据",oi2607,599,15,385,-1
2026-03-27,国泰君安,油脂油料,菜油,"净多10583
(增加406)
净持仓数据",oi2609,5260,426,3172,349
2026-03-27,国泰君安,油脂油料,棕榈油,"净多15560
(增加4899)
净持仓数据",p2605,20740,2192,22200,4842
2026-03-27,国泰君安,油脂油料,棕榈油,"净多15560
(增加4899)
净持仓数据",p2609,20566,4781,3546,-2768
2026-03-27,国泰君安,油脂油料,豆一,"净多6849
(减少306)
净持仓数据",a2605,12839,-370,7782,759
2026-03-27,国泰君安,油脂油料,豆一,"净多6849
(减少306)
净持仓数据",a2607,11114,1005,9324,-6
2026-03-27,国泰君安,油脂油料,豆一,"净多6849
(减少306)
净持仓数据",a2609,583,-88,1283,107
2026-03-27,国泰君安,油脂油料,豆一,"净多6849
(减少306)
净持仓数据",a2611,2649,19,1947,12
2026-03-27,国泰君安,油脂油料,豆粕,"净多115696
(增加2611)
净持仓数据",m2605,125549,413,70080,-6440
2026-03-27,国泰君安,油脂油料,豆粕,"净多115696
(增加2611)
净持仓数据",m2607,51945,-467,75298,-3690
2026-03-27,国泰君安,油脂油料,豆粕,"净多115696
(增加2611)
净持仓数据",m2608,27228,199,26538,-117
2026-03-27,国泰君安,油脂油料,豆粕,"净多115696
(增加2611)
净持仓数据",m2609,123597,3817,50933,13343
2026-03-27,国泰君安,油脂油料,豆粕,"净多115696
(增加2611)
净持仓数据",m2611,38437,2143,32741,45
2026-03-27,国泰君安,油脂油料,豆粕,"净多115696
(增加2611)
净持仓数据",m2612,20523,200,20452,260
2026-03-27,国泰君安,油脂油料,豆粕,"净多115696
(增加2611)
净持仓数据",m2701,11033,-97,6514,-10
2026-03-27,国泰君安,油脂油料,豆粕,"净多115696
(增加2611)
净持仓数据",m2703,6623,-101,6683,105
2026-03-27,国泰君安,油脂油料,菜粕,"净空63930
(减少6064)
净持仓数据",rm2605,29345,2130,75869,-4831
2026-03-27,国泰君安,油脂油料,菜粕,"净空63930
(减少6064)
净持仓数据",rm2607,4746,184,12966,1304
2026-03-27,国泰君安,油脂油料,菜粕,"净空63930
(减少6064)
净持仓数据",rm2609,21424,-277,28265,-284
2026-03-27,国泰君安,油脂油料,菜粕,"净空63930
(减少6064)
净持仓数据",rm2611,603,12,186,40
2026-03-27,国泰君安,油脂油料,菜粕,"净空63930
(减少6064)
净持仓数据",rm2701,1311,372,4073,128
2026-03-27,国泰君安,煤炭,焦炭,"净多191
(减少3)
净持仓数据",j2605,3752,-84,3561,-81
2026-03-27,国泰君安,煤炭,焦煤,"净空39827
(增加5087)
净持仓数据",jm2605,15371,129,44590,4568
2026-03-27,国泰君安,煤炭,焦煤,"净空39827
(增加5087)
净持仓数据",jm2606,3209,-205,4472,229
2026-03-27,国泰君安,煤炭,焦煤,"净空39827
(增加5087)
净持仓数据",jm2609,8731,161,20575,619
2026-03-27,国泰君安,煤炭,焦煤,"净空39827
(增加5087)
净持仓数据",jm2701,3088,184,589,-60
2026-03-27,国泰君安,股指,500中证,"净多2644
(减少361)
净持仓数据",ic2604,9634,1153,7142,215
2026-03-27,国泰君安,股指,500中证,"净多2644
(减少361)
净持仓数据",ic2606,24366,761,21799,1840
2026-03-27,国泰君安,股指,500中证,"净多2644
(减少361)
净持仓数据",ic2609,6719,486,9134,706
2026-03-27,国泰君安,股指,300沪深,"净多19636
(增加223)
净持仓数据",if2604,7943,284,6370,-401
2026-03-27,国泰君安,股指,300沪深,"净多19636
(增加223)
净持仓数据",if2606,25574,457,14621,822
2026-03-27,国泰君安,股指,300沪深,"净多19636
(增加223)
净持仓数据",if2609,12202,300,5092,397
2026-03-27,国泰君安,股指,50上证,"净空2094
(增加149)
净持仓数据",ih2604,3434,-180,3792,-576
2026-03-27,国泰君安,股指,50上证,"净空2094
(增加149)
净持仓数据",ih2606,5722,58,8615,737
2026-03-27,国泰君安,股指,50上证,"净空2094
(增加149)
净持仓数据",ih2609,2636,-119,1479,-253
2026-03-27,国泰君安,股指,1000中证,"净多6521
(减少323)
净持仓数据",im2604,14100,6,9262,-201
2026-03-27,国泰君安,股指,1000中证,"净多6521
(减少323)
净持仓数据",im2606,25591,-916,23304,-609
2026-03-27,国泰君安,股指,1000中证,"净多6521
(减少323)
净持仓数据",im2609,12121,154,12725,377
2026-03-27,国泰君安,谷物,玉米,"净多12853
(减少4852)
净持仓数据",c2605,96795,-2360,105518,550
2026-03-27,国泰君安,谷物,玉米,"净多12853
(减少4852)
净持仓数据",c2607,86624,667,74759,3495
2026-03-27,国泰君安,谷物,玉米,"净多12853
(减少4852)
净持仓数据",c2609,13434,887,3784,55
2026-03-27,国泰君安,谷物,玉米,"净多12853
(减少4852)
净持仓数据",c2611,37975,807,36907,753
2026-03-27,国泰君安,谷物,玉米,"净多12853
(减少4852)
净持仓数据",c2701,419,0,1426,0
2026-03-27,国泰君安,谷物,淀粉,"净多21800
(增加353)
净持仓数据",cs2605,33625,-839,6859,-134
2026-03-27,国泰君安,谷物,淀粉,"净多21800
(增加353)
净持仓数据",cs2607,8011,-110,16027,43
2026-03-27,国泰君安,谷物,淀粉,"净多21800
(增加353)
净持仓数据",cs2609,3178,1214,128,3
2026-03-27,国泰君安,谷物,粳米,"净空1309
(增加250)
净持仓数据",rr2605,7247,357,8556,607
2026-03-27,国泰君安,贵金属,沪金,"净多24422
(减少995)
净持仓数据",au2604,1020,-1811,2488,-561
2026-03-27,国泰君安,贵金属,沪金,"净多24422
(减少995)
净持仓数据",au2606,22284,-196,3950,449
2026-03-27,国泰君安,贵金属,沪金,"净多24422
(减少995)
净持仓数据",au2608,7198,404,952,-257
2026-03-27,国泰君安,贵金属,沪金,"净多24422
(减少995)
净持仓数据",au2610,938,147,78,-27
2026-03-27,国泰君安,贵金属,沪金,"净多24422
(减少995)
净持仓数据",au2612,680,59,230,-6
2026-03-27,国泰君安,贵金属,沪银,"净多1052
(增加749)
净持仓数据",ag2604,2055,-135,1367,88
2026-03-27,国泰君安,贵金属,沪银,"净多1052
(增加749)
净持仓数据",ag2605,1454,53,1236,597
2026-03-27,国泰君安,贵金属,沪银,"净多1052
(增加749)
净持仓数据",ag2606,11101,821,11175,-134
2026-03-27,国泰君安,贵金属,沪银,"净多1052
(增加749)
净持仓数据",ag2608,3395,80,5004,86
2026-03-27,国泰君安,贵金属,沪银,"净多1052
(增加749)
净持仓数据",ag2610,928,40,538,-346
2026-03-27,国泰君安,贵金属,沪银,"净多1052
(增加749)
净持仓数据",ag2612,1763,71,324,-110
2026-03-27,国泰君安,软商品,棉花,"净空17526
(减少29)
净持仓数据",cf2605,33079,-118,32450,-53
2026-03-27,国泰君安,软商品,棉花,"净空17526
(减少29)
净持仓数据",cf2607,1376,153,1244,-389
2026-03-27,国泰君安,软商品,棉花,"净空17526
(减少29)
净持仓数据",cf2609,19767,1921,37522,2227
2026-03-27,国泰君安,软商品,棉花,"净空17526
(减少29)
净持仓数据",cf2701,516,27,1048,169
2026-03-27,国泰君安,软商品,白糖,"净多18466
(增加1675)
净持仓数据",sr2605,16086,-1015,15296,2111
2026-03-27,国泰君安,软商品,白糖,"净多18466
(增加1675)
净持仓数据",sr2607,1005,84,943,107
2026-03-27,国泰君安,软商品,白糖,"净多18466
(增加1675)
净持仓数据",sr2609,13463,245,0,-4385
2026-03-27,国泰君安,软商品,白糖,"净多18466
(增加1675)
净持仓数据",sr2701,4462,211,311,17
2026-03-27,国泰君安,软商品,棉纱,"净空31
(增加505)
净持仓数据",cy2605,590,-474,621,31
2026-03-27,国泰君安,轻工,玻璃,"净空53128
(减少6806)
净持仓数据",fg2609,13656,-36,28044,1340
2026-03-27,国泰君安,轻工,玻璃,"净空53128
(减少6806)
净持仓数据",fg2701,1088,-6,1363,441
2026-03-27,国泰君安,轻工,玻璃,"净空53128
(减少6806)
净持仓数据",fg2604,19,4,62,0
2026-03-27,国泰君安,轻工,玻璃,"净空53128
(减少6806)
净持仓数据",fg2605,52194,-318,90098,-8507
2026-03-27,国泰君安,轻工,玻璃,"净空53128
(减少6806)
净持仓数据",fg2606,761,48,610,43
2026-03-27,国泰君安,轻工,玻璃,"净空53128
(减少6806)
净持仓数据",fg2607,542,-19,1027,-542
2026-03-27,国泰君安,轻工,玻璃,"净空53128
(减少6806)
净持仓数据",fg2608,130,-34,314,58
2026-03-27,国泰君安,轻工,双胶纸,"净空20
(增加131)
净持仓数据",op2604,29,-148,49,-17
2026-03-27,国泰君安,轻工,纸浆,"净空5864
(减少1430)
净持仓数据",sp2605,11684,-1019,22367,-2089
2026-03-27,国泰君安,轻工,纸浆,"净空5864
(减少1430)
净持仓数据",sp2607,4893,349,2686,1619
2026-03-27,国泰君安,轻工,纸浆,"净空5864
(减少1430)
净持仓数据",sp2609,7169,1703,4557,73
2026-03-27,国泰君安,运输,集运欧线,"净多483
(增加59)
净持仓数据",ec2604,1491,-124,1008,-183
2026-03-27,国泰君安,黑色,热卷,"净空84565
(减少3205)
净持仓数据",hc2605,138788,-4550,133054,-8229
2026-03-27,国泰君安,黑色,热卷,"净空84565
(减少3205)
净持仓数据",hc2607,19107,215,23008,-32
2026-03-27,国泰君安,黑色,热卷,"净空84565
(减少3205)
净持仓数据",hc2610,86915,8501,173313,9222
2026-03-27,国泰君安,黑色,铁矿石,"净多1512
(增加2302)
净持仓数据",i2605,41904,2304,27516,-3662
2026-03-27,国泰君安,黑色,铁矿石,"净多1512
(增加2302)
净持仓数据",i2606,15248,11,11813,161
2026-03-27,国泰君安,黑色,铁矿石,"净多1512
(增加2302)
净持仓数据",i2607,10885,321,8733,309
2026-03-27,国泰君安,黑色,铁矿石,"净多1512
(增加2302)
净持仓数据",i2608,4041,96,3977,78
2026-03-27,国泰君安,黑色,铁矿石,"净多1512
(增加2302)
净持仓数据",i2609,16017,415,34902,3827
2026-03-27,国泰君安,黑色,铁矿石,"净多1512
(增加2302)
净持仓数据",i2701,1732,22,1374,154
2026-03-27,国泰君安,黑色,硅铁,"净空19297
(增加1601)
净持仓数据",sf2604,643,-114,37,-83
2026-03-27,国泰君安,黑色,硅铁,"净空19297
(增加1601)
净持仓数据",sf2605,11631,35,26367,909
2026-03-27,国泰君安,黑色,硅铁,"净空19297
(增加1601)
净持仓数据",sf2606,829,-43,1096,6
2026-03-27,国泰君安,黑色,硅铁,"净空19297
(增加1601)
净持仓数据",sf2607,3010,-298,8223,398
2026-03-27,国泰君安,黑色,硅铁,"净空19297
(增加1601)
净持仓数据",sf2608,130,0,0,0
2026-03-27,国泰君安,黑色,硅铁,"净空19297
(增加1601)
净持仓数据",sf2609,1055,143,872,94
2026-03-27,国泰君安,黑色,锰硅,"净空4454
(减少3675)
净持仓数据",sm2604,261,-2,64,0
2026-03-27,国泰君安,黑色,锰硅,"净空4454
(减少3675)
净持仓数据",sm2605,31741,4099,39421,124
2026-03-27,国泰君安,黑色,锰硅,"净空4454
(减少3675)
净持仓数据",sm2606,0,0,1284,128
2026-03-27,国泰君安,黑色,锰硅,"净空4454
(减少3675)
净持仓数据",sm2607,3126,1054,3854,1179
2026-03-27,国泰君安,黑色,锰硅,"净空4454
(减少3675)
净持仓数据",sm2608,55,-5,124,-246
2026-03-27,国泰君安,黑色,锰硅,"净空4454
(减少3675)
净持仓数据",sm2609,12621,2875,7511,3161
2026-03-27,国泰君安,黑色,不锈钢,"净空4951
(增加828)
净持仓数据",ss2604,1357,-9,1273,-43
2026-03-27,国泰君安,黑色,不锈钢,"净空4951
(增加828)
净持仓数据",ss2605,7325,-646,11571,216
2026-03-27,国泰君安,黑色,不锈钢,"净空4951
(增加828)
净持仓数据",ss2606,3854,0,4643,0
2026-03-27,国泰君安,黑色,螺纹钢,"净空92849
(增加10411)
净持仓数据",rb2605,80832,-5790,122653,-2494
2026-03-27,国泰君安,黑色,螺纹钢,"净空92849
(增加10411)
净持仓数据",rb2607,19603,10,28021,503
2026-03-27,国泰君安,黑色,螺纹钢,"净空92849
(增加10411)
净持仓数据",rb2610,30209,96,72819,6718
2026-03-27,东方财富,农副,苹果,"净空1008
(减少44)
净持仓数据",ap2605,0,0,1008,-44
2026-03-27,东方财富,农副,红枣,"净多3091
(减少150)
净持仓数据",cj2605,1932,-131,0,0
2026-03-27,东方财富,农副,红枣,"净多3091
(减少150)
净持仓数据",cj2609,1159,-19,0,0
2026-03-27,东方财富,农副,鸡蛋,"净空4260
(减少231)
净持仓数据",jd2605,0,0,2605,-287
2026-03-27,东方财富,农副,鸡蛋,"净空4260
(减少231)
净持仓数据",jd2608,0,0,1655,56
2026-03-27,东方财富,农副,生猪,"净多12450
(减少1002)
净持仓数据",lh2605,8641,-1095,0,0
2026-03-27,东方财富,农副,生猪,"净多12450
(减少1002)
净持仓数据",lh2607,2151,-7,0,0
2026-03-27,东方财富,农副,生猪,"净多12450
(减少1002)
净持仓数据",lh2609,1658,100,0,0
2026-03-27,东方财富,化工,烧碱,"净空0
(减少23)
净持仓数据",sh2604,0,0,0,-23
2026-03-27,东方财富,化工,尿素,"净多5
净持仓数据",ur2604,5,0,0,0
2026-03-27,东方财富,化工,合成橡胶,"净空2509
(减少179)
净持仓数据",br2604,0,0,54,-42
2026-03-27,东方财富,化工,合成橡胶,"净空2509
(减少179)
净持仓数据",br2605,0,0,2455,-137
2026-03-27,东方财富,化工,沥青,"净空106
(减少26)
净持仓数据",bu2604,0,0,106,-26
2026-03-27,东方财富,化工,乙二醇,"净多12
净持仓数据",eg2606,12,0,0,0
2026-03-27,东方财富,化工,甲醇,"净空303
(增加44)
净持仓数据",ma2604,0,0,7,0
2026-03-27,东方财富,化工,甲醇,"净空303
(增加44)
净持仓数据",ma2610,0,0,296,44
2026-03-27,东方财富,化工,短纤,"净空14
(减少2)
净持仓数据",pf2604,0,0,14,-2
2026-03-27,东方财富,化工,PP,"净空36
(增加8)
净持仓数据",pp2607,0,0,36,8
2026-03-27,东方财富,化工,多晶硅,"净多445
(减少20)
净持仓数据",ps2605,445,-20,0,0
2026-03-27,东方财富,化工,纯碱,"净多12265
净持仓数据",sa2605,12265,0,0,0
2026-03-27,东方财富,原油,燃料油,"净多1384
(减少2396)
净持仓数据",fu2605,5075,-1331,3609,740
2026-03-27,东方财富,原油,燃料油,"净多1384
(减少2396)
净持仓数据",fu2606,942,-48,521,64
2026-03-27,东方财富,原油,燃料油,"净多1384
(减少2396)
净持仓数据",fu2607,0,-213,0,0
2026-03-27,东方财富,原油,燃料油,"净多1384
(减少2396)
净持仓数据",fu2609,0,0,503,0
2026-03-27,东方财富,国债,三十债,"净多420
(增加5)
净持仓数据",tl2609,420,5,0,0
2026-03-27,东方财富,有色,沪锡,"净空0
(增加238)
净持仓数据",sn2604,0,-238,0,0
2026-03-27,东方财富,有色,铝合金,"净多19
(减少1)
净持仓数据",ad2604,19,-1,0,0
2026-03-27,东方财富,有色,氧化铝,"净多7370
(减少625)
净持仓数据",ao2605,6115,-625,0,0
2026-03-27,东方财富,有色,氧化铝,"净多7370
(减少625)
净持仓数据",ao2609,1255,0,0,0
2026-03-27,东方财富,有色,碳酸锂,"净空10
净持仓数据",lc2606,0,0,10,0
2026-03-27,东方财富,油脂油料,豆二,"净多282
净持仓数据",b2609,282,0,0,0
2026-03-27,东方财富,股指,500中证,"净多754
(减少4)
净持仓数据",ic2609,754,-4,0,0
2026-03-27,东方财富,股指,50上证,"净多1344
(增加294)
净持仓数据",ih2606,936,299,0,0
2026-03-27,东方财富,股指,50上证,"净多1344
(增加294)
净持仓数据",ih2609,408,-5,0,0
2026-03-27,东方财富,谷物,玉米,"净多701
(增加33)
净持仓数据",c2611,701,33,0,0
2026-03-27,东方财富,谷物,淀粉,"净空99
(减少14)
净持仓数据",cs2609,0,0,99,-14
2026-03-27,东方财富,贵金属,沪银,"净多3976
(增加137)
净持仓数据",ag2604,588,-100,0,0
2026-03-27,东方财富,贵金属,沪银,"净多3976
(增加137)
净持仓数据",ag2606,3080,210,0,0
2026-03-27,东方财富,贵金属,沪银,"净多3976
(增加137)
净持仓数据",ag2612,308,27,0,0
2026-03-27,东方财富,贵金属,沪金,"净空26
(增加1)
净持仓数据",au2610,0,0,26,1
2026-03-27,东方财富,轻工,玻璃,"净多21410
(减少3043)
净持仓数据",fg2605,21410,-3043,0,0
2026-03-27,东方财富,运输,集运欧线,"净多87
(增加26)
净持仓数据",ec2604,243,22,156,-4
2026-03-27,东方财富,黑色,锰硅,"净空75
(增加5)
净持仓数据",sm2604,0,0,50,0
2026-03-27,东方财富,黑色,锰硅,"净空75
(增加5)
净持仓数据",sm2608,0,0,25,5
2026-03-27,徽商期货,农副,红枣,"净多4385
(增加329)
净持仓数据",cj2605,2627,198,0,0
2026-03-27,徽商期货,农副,红枣,"净多4385
(增加329)
净持仓数据",cj2609,1758,131,0,0
2026-03-27,徽商期货,农副,鸡蛋,"净空2303
(减少1766)
净持仓数据",jd2605,4042,870,5166,-276
2026-03-27,徽商期货,农副,鸡蛋,"净空2303
(减少1766)
净持仓数据",jd2607,0,0,1380,-523
2026-03-27,徽商期货,农副,鸡蛋,"净空2303
(减少1766)
净持仓数据",jd2609,821,114,620,17
2026-03-27,徽商期货,农副,生猪,"净多9263
(减少839)
净持仓数据",lh2605,5127,-706,0,0
2026-03-27,徽商期货,农副,生猪,"净多9263
(减少839)
净持仓数据",lh2607,1213,65,0,0
2026-03-27,徽商期货,农副,生猪,"净多9263
(减少839)
净持仓数据",lh2609,1724,157,0,0
2026-03-27,徽商期货,农副,生猪,"净多9263
(减少839)
净持仓数据",lh2611,1064,34,0,0
2026-03-27,徽商期货,农副,生猪,"净多9263
(减少839)
净持仓数据",lh2701,536,-9,401,380
2026-03-27,徽商期货,农副,苹果,"净多4
(减少55)
净持仓数据",ap2604,6,-1,0,0
2026-03-27,徽商期货,农副,苹果,"净多4
(减少55)
净持仓数据",ap2605,760,-57,762,-3
2026-03-27,徽商期货,化工,纯碱,"净多22161
(减少1684)
净持仓数据",sa2604,0,0,2,0
2026-03-27,徽商期货,化工,纯碱,"净多22161
(减少1684)
净持仓数据",sa2605,25248,-1065,11823,1476
2026-03-27,徽商期货,化工,纯碱,"净多22161
(减少1684)
净持仓数据",sa2609,16563,825,8125,-24
2026-03-27,徽商期货,化工,纯碱,"净多22161
(减少1684)
净持仓数据",sa2701,300,8,0,0
2026-03-27,徽商期货,化工,苯乙烯,"净多3965
(增加2000)
净持仓数据",eb2604,0,0,0,-152
2026-03-27,徽商期货,化工,苯乙烯,"净多3965
(增加2000)
净持仓数据",eb2605,4112,1932,0,0
2026-03-27,徽商期货,化工,苯乙烯,"净多3965
(增加2000)
净持仓数据",eb2606,827,-21,974,63
2026-03-27,徽商期货,化工,烧碱,"净多2777
(增加1235)
净持仓数据",sh2604,31,-34,0,0
2026-03-27,徽商期货,化工,烧碱,"净多2777
(增加1235)
净持仓数据",sh2605,2451,-137,0,-1397
2026-03-27,徽商期货,化工,烧碱,"净多2777
(增加1235)
净持仓数据",sh2606,0,0,360,-4
2026-03-27,徽商期货,化工,烧碱,"净多2777
(增加1235)
净持仓数据",sh2607,582,-22,0,0
2026-03-27,徽商期货,化工,烧碱,"净多2777
(增加1235)
净持仓数据",sh2608,73,27,0,0
2026-03-27,徽商期货,化工,乙二醇,"净空33
(增加22)
净持仓数据",eg2606,145,-243,0,0
2026-03-27,徽商期货,化工,乙二醇,"净空33
(增加22)
净持仓数据",eg2607,0,0,178,-221
2026-03-27,徽商期货,化工,PTA,"净空1690
(增加4160)
净持仓数据",ta2605,13169,-3973,0,0
2026-03-27,徽商期货,化工,PTA,"净空1690
(增加4160)
净持仓数据",ta2606,0,0,524,20
2026-03-27,徽商期货,化工,PTA,"净空1690
(增加4160)
净持仓数据",ta2609,0,0,14422,200
2026-03-27,徽商期货,化工,PTA,"净空1690
(增加4160)
净持仓数据",ta2701,681,76,594,43
2026-03-27,徽商期货,化工,尿素,"净多1205
(增加1191)
净持仓数据",ur2604,0,0,3,0
2026-03-27,徽商期货,化工,尿素,"净多1205
(增加1191)
净持仓数据",ur2605,3047,0,0,0
2026-03-27,徽商期货,化工,尿素,"净多1205
(增加1191)
净持仓数据",ur2606,0,0,984,0
2026-03-27,徽商期货,化工,尿素,"净多1205
(增加1191)
净持仓数据",ur2607,831,123,1822,-57
2026-03-27,徽商期货,化工,尿素,"净多1205
(增加1191)
净持仓数据",ur2609,1157,-160,1021,-1171
2026-03-27,徽商期货,化工,塑料,"净空7
(增加4)
净持仓数据",l2607,21,0,2,0
2026-03-27,徽商期货,化工,塑料,"净空7
(增加4)
净持仓数据",l2608,0,0,26,4
2026-03-27,徽商期货,化工,PVC,"净多11923
(增加61)
净持仓数据",v2605,8337,461,0,0
2026-03-27,徽商期货,化工,PVC,"净多11923
(增加61)
净持仓数据",v2609,8512,348,4926,353
2026-03-27,徽商期货,化工,PVC,"净多11923
(增加61)
净持仓数据",v2701,0,-395,0,0
2026-03-27,徽商期货,化工,甲醇,"净空9151
(增加4916)
净持仓数据",ma2605,0,0,7717,1341
2026-03-27,徽商期货,化工,甲醇,"净空9151
(增加4916)
净持仓数据",ma2609,3301,-3298,4143,251
2026-03-27,徽商期货,化工,甲醇,"净空9151
(增加4916)
净持仓数据",ma2610,400,53,641,42
2026-03-27,徽商期货,化工,甲醇,"净空9151
(增加4916)
净持仓数据",ma2701,850,-10,1201,27
2026-03-27,徽商期货,化工,20号胶,"净多79
(减少16)
净持仓数据",nr2605,807,-235,728,-219
2026-03-27,徽商期货,化工,短纤,"净多16
(减少20)
净持仓数据",pf2604,16,-20,0,0
2026-03-27,徽商期货,化工,液化气,"净空280
(增加356)
净持仓数据",pg2605,1301,-162,1490,166
2026-03-27,徽商期货,化工,液化气,"净空280
(增加356)
净持仓数据",pg2606,986,16,978,10
2026-03-27,徽商期货,化工,液化气,"净空280
(增加356)
净持仓数据",pg2607,0,0,99,34
2026-03-27,徽商期货,化工,PP,"净多132
(增加1944)
净持仓数据",pp2607,0,0,29,-1
2026-03-27,徽商期货,化工,PP,"净多132
(增加1944)
净持仓数据",pp2608,0,0,87,14
2026-03-27,徽商期货,化工,PP,"净多132
(增加1944)
净持仓数据",pp2609,0,0,0,-1940
2026-03-27,徽商期货,化工,PP,"净多132
(增加1944)
净持仓数据",pp2701,248,17,0,0
2026-03-27,徽商期货,化工,瓶片,"净空1
净持仓数据",pr2604,2,0,3,0
2026-03-27,徽商期货,化工,多晶硅,"净多427
(增加82)
净持仓数据",ps2605,427,82,0,0
2026-03-27,徽商期货,化工,对二甲苯,"净空0
(减少46)
净持仓数据",px2608,0,0,0,-46
2026-03-27,徽商期货,化工,合成橡胶,"净多1600
(增加3267)
净持仓数据",br2605,3796,2815,1418,-452
2026-03-27,徽商期货,化工,合成橡胶,"净多1600
(增加3267)
净持仓数据",br2606,0,0,778,0
2026-03-27,徽商期货,原油,燃料油,"净多2436
(减少351)
净持仓数据",fu2605,2436,-288,0,0
2026-03-27,徽商期货,原油,燃料油,"净多2436
(减少351)
净持仓数据",fu2607,0,-234,0,-171
2026-03-27,徽商期货,原油,低硫油,"净多933
(减少105)
净持仓数据",lu2605,933,-105,0,0
2026-03-27,徽商期货,有色,沪铜,"净多647
(减少26)
净持仓数据",cu2612,647,-26,0,0
2026-03-27,徽商期货,有色,工业硅,"净多1947
(减少2285)
净持仓数据",si2605,0,-2508,0,0
2026-03-27,徽商期货,有色,工业硅,"净多1947
(减少2285)
净持仓数据",si2609,1947,223,0,0
2026-03-27,徽商期货,有色,碳酸锂,"净多226
(减少1852)
净持仓数据",lc2606,226,0,0,0
2026-03-27,徽商期货,有色,碳酸锂,"净多226
(减少1852)
净持仓数据",lc2609,0,-1852,0,0
2026-03-27,徽商期货,有色,沪镍,"净多399
(增加2)
净持仓数据",ni2609,399,2,0,0
2026-03-27,徽商期货,有色,沪铝,"净多512
(减少4117)
净持仓数据",al2605,0,-4117,0,0
2026-03-27,徽商期货,有色,沪铝,"净多512
(减少4117)
净持仓数据",al2606,512,0,0,0
2026-03-27,徽商期货,有色,氧化铝,"净多6306
(减少692)
净持仓数据",ao2605,4511,-624,0,0
2026-03-27,徽商期货,有色,氧化铝,"净多6306
(减少692)
净持仓数据",ao2609,1795,-68,0,0
2026-03-27,徽商期货,油脂油料,菜粕,"净多22347
(增加568)
净持仓数据",rm2701,1141,-90,342,0
2026-03-27,徽商期货,油脂油料,菜粕,"净多22347
(增加568)
净持仓数据",rm2605,14049,-40,0,0
2026-03-27,徽商期货,油脂油料,菜粕,"净多22347
(增加568)
净持仓数据",rm2607,1771,306,0,0
2026-03-27,徽商期货,油脂油料,菜粕,"净多22347
(增加568)
净持仓数据",rm2609,6344,335,0,0
2026-03-27,徽商期货,油脂油料,菜粕,"净多22347
(增加568)
净持仓数据",rm2611,626,57,1242,0
2026-03-27,徽商期货,油脂油料,豆油,"净空1213
(增加278)
净持仓数据",y2607,131,11,1344,289
2026-03-27,徽商期货,油脂油料,豆粕,"净多19304
(增加655)
净持仓数据",m2608,165,0,0,0
2026-03-27,徽商期货,油脂油料,豆粕,"净多19304
(增加655)
净持仓数据",m2609,17965,731,0,0
2026-03-27,徽商期货,油脂油料,豆粕,"净多19304
(增加655)
净持仓数据",m2612,0,0,166,32
2026-03-27,徽商期货,油脂油料,豆粕,"净多19304
(增加655)
净持仓数据",m2701,1423,-62,0,0
2026-03-27,徽商期货,油脂油料,豆粕,"净多19304
(增加655)
净持仓数据",m2703,582,17,665,-1
2026-03-27,徽商期货,油脂油料,豆一,"净多4047
(减少2008)
净持仓数据",a2605,1708,-2282,0,0
2026-03-27,徽商期货,油脂油料,豆一,"净多4047
(减少2008)
净持仓数据",a2607,1192,0,0,0
2026-03-27,徽商期货,油脂油料,豆一,"净多4047
(减少2008)
净持仓数据",a2609,1031,192,460,90
2026-03-27,徽商期货,油脂油料,豆一,"净多4047
(减少2008)
净持仓数据",a2611,576,172,0,0
2026-03-27,徽商期货,油脂油料,棕榈油,"净多2816
(增加207)
净持仓数据",p2605,2781,181,0,0
2026-03-27,徽商期货,油脂油料,棕榈油,"净多2816
(增加207)
净持仓数据",p2609,3074,309,3039,283
2026-03-27,徽商期货,油脂油料,豆二,"净多109
(增加274)
净持仓数据",b2606,660,-204,0,0
2026-03-27,徽商期货,油脂油料,豆二,"净多109
(增加274)
净持仓数据",b2607,0,0,701,-687
2026-03-27,徽商期货,油脂油料,豆二,"净多109
(增加274)
净持仓数据",b2608,0,0,18,0
2026-03-27,徽商期货,油脂油料,豆二,"净多109
(增加274)
净持仓数据",b2609,617,-121,449,88
2026-03-27,徽商期货,煤炭,焦煤,"净多15276
(增加1550)
净持仓数据",jm2605,10446,774,0,0
2026-03-27,徽商期货,煤炭,焦煤,"净多15276
(增加1550)
净持仓数据",jm2609,5098,766,0,0
2026-03-27,徽商期货,煤炭,焦煤,"净多15276
(增加1550)
净持仓数据",jm2701,0,0,268,-10
2026-03-27,徽商期货,谷物,粳米,"净多102
(减少100)
净持仓数据",rr2605,102,-100,0,0
2026-03-27,徽商期货,谷物,淀粉,"净多237
(减少208)
净持仓数据",cs2609,343,-186,106,22
2026-03-27,徽商期货,谷物,玉米,"净多4282
(减少249)
净持仓数据",c2607,3169,0,0,0
2026-03-27,徽商期货,谷物,玉米,"净多4282
(减少249)
净持仓数据",c2609,2763,182,1961,431
2026-03-27,徽商期货,谷物,玉米,"净多4282
(减少249)
净持仓数据",c2701,311,0,0,0
2026-03-27,徽商期货,贵金属,沪金,"净多166
(增加146)
净持仓数据",au2604,166,0,0,-146
2026-03-27,徽商期货,软商品,白糖,"净空293
(增加23)
净持仓数据",sr2701,0,0,293,23
2026-03-27,徽商期货,软商品,棉花,"净多5523
(减少262)
净持仓数据",cf2605,5523,-262,0,0
2026-03-27,徽商期货,轻工,玻璃,"净多32235
(减少1811)
净持仓数据",fg2604,0,0,12,-2
2026-03-27,徽商期货,轻工,玻璃,"净多32235
(减少1811)
净持仓数据",fg2605,27707,-2160,0,0
2026-03-27,徽商期货,轻工,玻璃,"净多32235
(减少1811)
净持仓数据",fg2609,13549,245,8864,56
2026-03-27,徽商期货,轻工,玻璃,"净多32235
(减少1811)
净持仓数据",fg2701,0,0,145,-158
2026-03-27,徽商期货,轻工,纸浆,"净多4493
(减少113)
净持仓数据",sp2605,3345,-165,0,0
2026-03-27,徽商期货,轻工,纸浆,"净多4493
(减少113)
净持仓数据",sp2609,1148,52,0,0
2026-03-27,徽商期货,轻工,双胶纸,"净多4
(增加6)
净持仓数据",op2604,6,5,2,-1
2026-03-27,徽商期货,运输,集运欧线,"净多162
(增加130)
净持仓数据",ec2604,162,-26,0,-156
2026-03-27,徽商期货,黑色,热卷,"净多13261
(增加578)
净持仓数据",hc2610,13261,578,0,0
2026-03-27,徽商期货,黑色,螺纹钢,"净多262
(减少18451)
净持仓数据",rb2605,0,-18492,0,0
2026-03-27,徽商期货,黑色,螺纹钢,"净多262
(减少18451)
净持仓数据",rb2607,5900,531,5638,490
